Supplementary Table S8. Synthetic transitions and real-original descriptors,,,,,,,,
Transition summaries are quality-control checks for the constructed benchmark. Real-original descriptors remain aggregate and non-public.,,,,,,,,
,,,,,,,,
A. Intended transition by rule,,,,,,,,
target_rule,n_variants,target_terminal_fail,original_target_fail,evaluable_induction,target_changed_to_fail,target_not_changed_to_fail,variants_with_off_target_change,off_target_changes
H1,100,100,2,98,98,0,6,6
H2,100,99,0,100,99,1,98,189
H3,100,100,0,100,100,0,5,5
H4,100,100,2,98,98,0,85,86
H5,100,100,0,100,100,0,5,6
H6,100,100,4,96,96,0,4,4
,,,,,,,,
B. Off-target Gold transitions,,,,,,,,
target_rule,affected_off_target_rule,before,after,n,,,,
H1,H4,FAIL,PASS,2,,,,
H1,H4,PASS,FAIL,1,,,,
H1,H5,PASS,NA,2,,,,
H1,H6,FAIL,PASS,1,,,,
H2,H1,PASS,FAIL,9,,,,
H2,H4,PASS,FAIL,97,,,,
H2,H5,PASS,NA,82,,,,
H2,H6,FAIL,PASS,1,,,,
H3,H4,FAIL,PASS,2,,,,
H3,H5,PASS,NA,2,,,,
H3,H6,FAIL,PASS,1,,,,
H4,H1,PASS,FAIL,1,,,,
H4,H2,PASS,FAIL,1,,,,
H4,H3,PASS,FAIL,1,,,,
H4,H5,PASS,NA,82,,,,
H4,H6,FAIL,PASS,1,,,,
H5,H1,PASS,FAIL,1,,,,
H5,H2,PASS,FAIL,1,,,,
H5,H3,PASS,FAIL,1,,,,
H5,H4,FAIL,PASS,2,,,,
H5,H6,FAIL,PASS,1,,,,
H6,H4,FAIL,PASS,2,,,,
H6,H5,PASS,NA,2,,,,
,,,,,,,,
C. Real-original aggregate descriptors,,,,,,,,
section,metric,numeric_value,text_value,numerator,denominator,unit,status,interpretation
real_record_subset,record_count,20,,,,records,DESCRIPTIVE,
real_record_subset,independent_patient_count,20,,,20,patients,HUMAN_CONFIRMED,Data custodian/research lead confirmed that the 20 records represent 20 independent patients.
real_record_subset,patient_deduplication_rule,,ONE_RECORD_PER_PATIENT,,,,HUMAN_CONFIRMED,Repeated records from the same patient were removed; one record per patient was retained. No patient identifier or record-level linkage is included in the public table.
age,nonmissing_n,18,,,,records,DESCRIPTIVE,
age,missing_or_unparsed_n,2,,,,records,DESCRIPTIVE,
age,mean_years,65.1111111111,,,,years,DESCRIPTIVE,
age,median_years,63.5000000000,,,,years,DESCRIPTIVE,
age,p25_years,62.0000000000,,,,years,DESCRIPTIVE,
age,p75_years,70.7500000000,,,,years,DESCRIPTIVE,
age,min_years,47.0000000000,,,,years,DESCRIPTIVE,
age,max_years,78.0000000000,,,,years,DESCRIPTIVE,
sex,male_n,18,,,,records,DESCRIPTIVE,
sex,female_n,1,,,,records,DESCRIPTIVE,
sex,other_or_unmapped_n,0,,,,records,DESCRIPTIVE,
sex,missing_n,1,,,,records,DESCRIPTIVE,
gold_label_distribution,H1_PASS,18,,,,records,DESCRIPTIVE,
gold_label_distribution,H1_FAIL,2,,,,records,DESCRIPTIVE,
gold_label_distribution,H1_NA,0,,,,records,DESCRIPTIVE,
gold_label_distribution,H2_PASS,20,,,,records,DESCRIPTIVE,
gold_label_distribution,H2_FAIL,0,,,,records,DESCRIPTIVE,
gold_label_distribution,H2_NA,0,,,,records,DESCRIPTIVE,
gold_label_distribution,H3_PASS,1,,,,records,DESCRIPTIVE,
gold_label_distribution,H3_FAIL,0,,,,records,DESCRIPTIVE,
gold_label_distribution,H3_NA,19,,,,records,DESCRIPTIVE,
gold_label_distribution,H4_PASS,18,,,,records,DESCRIPTIVE,
gold_label_distribution,H4_FAIL,2,,,,records,DESCRIPTIVE,
gold_label_distribution,H4_NA,0,,,,records,DESCRIPTIVE,
gold_label_distribution,H5_PASS,2,,,,records,DESCRIPTIVE,
gold_label_distribution,H5_FAIL,0,,,,records,DESCRIPTIVE,
gold_label_distribution,H5_NA,18,,,,records,DESCRIPTIVE,
gold_label_distribution,H6_PASS,16,,,,records,DESCRIPTIVE,
gold_label_distribution,H6_FAIL,4,,,,records,DESCRIPTIVE,
gold_label_distribution,H6_NA,0,,,,records,DESCRIPTIVE,
challenge_label_burden,any_hard_fail,7,,7,20,records,DESCRIPTIVE,Exploratory description of the selected 20-record subset; not a prevalence estimate.
challenge_label_burden,any_hard_fail_rate,0.3500000000,,7,20,proportion,DESCRIPTIVE,Exploratory description of a small single-center convenience sample; not a prevalence estimate.
