case_id,source_class,synthetic_seed_id,is_original,is_perturbed,target_rule,case_filename
gold_0021,synthetic_original,mock_001,true,false,,data/synthetic_cases/gold_0021.md
gold_0022,synthetic_original,mock_002,true,false,,data/synthetic_cases/gold_0022.md
gold_0023,synthetic_original,mock_003,true,false,,data/synthetic_cases/gold_0023.md
gold_0024,synthetic_original,mock_004,true,false,,data/synthetic_cases/gold_0024.md
gold_0025,synthetic_original,mock_005,true,false,,data/synthetic_cases/gold_0025.md
gold_0026,synthetic_original,mock_006,true,false,,data/synthetic_cases/gold_0026.md
gold_0027,synthetic_original,mock_007,true,false,,data/synthetic_cases/gold_0027.md
gold_0028,synthetic_original,mock_008,true,false,,data/synthetic_cases/gold_0028.md
gold_0029,synthetic_original,mock_009,true,false,,data/synthetic_cases/gold_0029.md
gold_0030,synthetic_original,mock_010,true,false,,data/synthetic_cases/gold_0030.md
gold_0031,synthetic_original,mock_011,true,false,,data/synthetic_cases/gold_0031.md
gold_0032,synthetic_original,mock_012,true,false,,data/synthetic_cases/gold_0032.md
gold_0033,synthetic_original,mock_013,true,false,,data/synthetic_cases/gold_0033.md
gold_0034,synthetic_original,mock_014,true,false,,data/synthetic_cases/gold_0034.md
gold_0035,synthetic_original,mock_015,true,false,,data/synthetic_cases/gold_0035.md
gold_0036,synthetic_original,mock_016,true,false,,data/synthetic_cases/gold_0036.md
gold_0037,synthetic_original,mock_017,true,false,,data/synthetic_cases/gold_0037.md
gold_0038,synthetic_original,mock_018,true,false,,data/synthetic_cases/gold_0038.md
gold_0039,synthetic_original,mock_019,true,false,,data/synthetic_cases/gold_0039.md
gold_0040,synthetic_original,mock_020,true,false,,data/synthetic_cases/gold_0040.md
gold_0041,synthetic_original,mock_021,true,false,,data/synthetic_cases/gold_0041.md
gold_0042,synthetic_original,mock_022,true,false,,data/synthetic_cases/gold_0042.md
gold_0043,synthetic_original,mock_023,true,false,,data/synthetic_cases/gold_0043.md
gold_0044,synthetic_original,mock_024,true,false,,data/synthetic_cases/gold_0044.md
gold_0045,synthetic_original,mock_025,true,false,,data/synthetic_cases/gold_0045.md
gold_0046,synthetic_original,mock_026,true,false,,data/synthetic_cases/gold_0046.md
gold_0047,synthetic_original,mock_027,true,false,,data/synthetic_cases/gold_0047.md
gold_0048,synthetic_original,mock_028,true,false,,data/synthetic_cases/gold_0048.md
gold_0049,synthetic_original,mock_029,true,false,,data/synthetic_cases/gold_0049.md
gold_0050,synthetic_original,mock_030,true,false,,data/synthetic_cases/gold_0050.md
gold_0051,synthetic_original,mock_031,true,false,,data/synthetic_cases/gold_0051.md
gold_0052,synthetic_original,mock_032,true,false,,data/synthetic_cases/gold_0052.md
gold_0053,synthetic_original,mock_033,true,false,,data/synthetic_cases/gold_0053.md
gold_0054,synthetic_original,mock_034,true,false,,data/synthetic_cases/gold_0054.md
gold_0055,synthetic_original,mock_035,true,false,,data/synthetic_cases/gold_0055.md
gold_0056,synthetic_original,mock_036,true,false,,data/synthetic_cases/gold_0056.md
gold_0057,synthetic_original,mock_037,true,false,,data/synthetic_cases/gold_0057.md
gold_0058,synthetic_original,mock_038,true,false,,data/synthetic_cases/gold_0058.md
gold_0059,synthetic_original,mock_039,true,false,,data/synthetic_cases/gold_0059.md
gold_0060,synthetic_original,mock_040,true,false,,data/synthetic_cases/gold_0060.md
gold_0061,synthetic_original,mock_041,true,false,,data/synthetic_cases/gold_0061.md
gold_0062,synthetic_original,mock_042,true,false,,data/synthetic_cases/gold_0062.md
gold_0063,synthetic_original,mock_043,true,false,,data/synthetic_cases/gold_0063.md
gold_0064,synthetic_original,mock_044,true,false,,data/synthetic_cases/gold_0064.md
gold_0065,synthetic_original,mock_045,true,false,,data/synthetic_cases/gold_0065.md
gold_0066,synthetic_original,mock_046,true,false,,data/synthetic_cases/gold_0066.md
gold_0067,synthetic_original,mock_047,true,false,,data/synthetic_cases/gold_0067.md
gold_0068,synthetic_original,mock_048,true,false,,data/synthetic_cases/gold_0068.md
gold_0069,synthetic_original,mock_049,true,false,,data/synthetic_cases/gold_0069.md
gold_0070,synthetic_original,mock_050,true,false,,data/synthetic_cases/gold_0070.md
gold_0071,synthetic_original,mock_051,true,false,,data/synthetic_cases/gold_0071.md
gold_0072,synthetic_original,mock_052,true,false,,data/synthetic_cases/gold_0072.md
gold_0073,synthetic_original,mock_053,true,false,,data/synthetic_cases/gold_0073.md
gold_0074,synthetic_original,mock_054,true,false,,data/synthetic_cases/gold_0074.md
gold_0075,synthetic_original,mock_055,true,false,,data/synthetic_cases/gold_0075.md
gold_0076,synthetic_original,mock_056,true,false,,data/synthetic_cases/gold_0076.md
gold_0077,synthetic_original,mock_057,true,false,,data/synthetic_cases/gold_0077.md
gold_0078,synthetic_original,mock_058,true,false,,data/synthetic_cases/gold_0078.md
gold_0079,synthetic_original,mock_059,true,false,,data/synthetic_cases/gold_0079.md
gold_0080,synthetic_original,mock_060,true,false,,data/synthetic_cases/gold_0080.md
gold_0081,synthetic_original,mock_061,true,false,,data/synthetic_cases/gold_0081.md
gold_0082,synthetic_original,mock_062,true,false,,data/synthetic_cases/gold_0082.md
gold_0083,synthetic_original,mock_063,true,false,,data/synthetic_cases/gold_0083.md
gold_0084,synthetic_original,mock_064,true,false,,data/synthetic_cases/gold_0084.md
gold_0085,synthetic_original,mock_065,true,false,,data/synthetic_cases/gold_0085.md
gold_0086,synthetic_original,mock_066,true,false,,data/synthetic_cases/gold_0086.md
gold_0087,synthetic_original,mock_067,true,false,,data/synthetic_cases/gold_0087.md
gold_0088,synthetic_original,mock_068,true,false,,data/synthetic_cases/gold_0088.md
gold_0089,synthetic_original,mock_069,true,false,,data/synthetic_cases/gold_0089.md
gold_0090,synthetic_original,mock_070,true,false,,data/synthetic_cases/gold_0090.md
gold_0091,synthetic_original,mock_071,true,false,,data/synthetic_cases/gold_0091.md
gold_0092,synthetic_original,mock_072,true,false,,data/synthetic_cases/gold_0092.md
gold_0093,synthetic_original,mock_073,true,false,,data/synthetic_cases/gold_0093.md
gold_0094,synthetic_original,mock_074,true,false,,data/synthetic_cases/gold_0094.md
gold_0095,synthetic_original,mock_075,true,false,,data/synthetic_cases/gold_0095.md
gold_0096,synthetic_original,mock_076,true,false,,data/synthetic_cases/gold_0096.md
gold_0097,synthetic_original,mock_077,true,false,,data/synthetic_cases/gold_0097.md
gold_0098,synthetic_original,mock_078,true,false,,data/synthetic_cases/gold_0098.md
gold_0099,synthetic_original,mock_079,true,false,,data/synthetic_cases/gold_0099.md
gold_0100,synthetic_original,mock_080,true,false,,data/synthetic_cases/gold_0100.md
gold_0221,synthetic_derived,mock_001,false,true,H1,data/synthetic_cases/gold_0221.md
gold_0222,synthetic_derived,mock_001,false,true,H2,data/synthetic_cases/gold_0222.md
gold_0223,synthetic_derived,mock_001,false,true,H3,data/synthetic_cases/gold_0223.md
gold_0224,synthetic_derived,mock_001,false,true,H4,data/synthetic_cases/gold_0224.md
gold_0225,synthetic_derived,mock_001,false,true,H5,data/synthetic_cases/gold_0225.md
gold_0226,synthetic_derived,mock_001,false,true,H6,data/synthetic_cases/gold_0226.md
gold_0227,synthetic_derived,mock_002,false,true,H1,data/synthetic_cases/gold_0227.md
gold_0228,synthetic_derived,mock_002,false,true,H2,data/synthetic_cases/gold_0228.md
gold_0229,synthetic_derived,mock_002,false,true,H3,data/synthetic_cases/gold_0229.md
gold_0230,synthetic_derived,mock_002,false,true,H4,data/synthetic_cases/gold_0230.md
gold_0231,synthetic_derived,mock_002,false,true,H5,data/synthetic_cases/gold_0231.md
gold_0232,synthetic_derived,mock_002,false,true,H6,data/synthetic_cases/gold_0232.md
gold_0233,synthetic_derived,mock_003,false,true,H1,data/synthetic_cases/gold_0233.md
gold_0234,synthetic_derived,mock_003,false,true,H2,data/synthetic_cases/gold_0234.md
gold_0235,synthetic_derived,mock_003,false,true,H3,data/synthetic_cases/gold_0235.md
gold_0236,synthetic_derived,mock_003,false,true,H4,data/synthetic_cases/gold_0236.md
gold_0237,synthetic_derived,mock_003,false,true,H5,data/synthetic_cases/gold_0237.md
gold_0238,synthetic_derived,mock_003,false,true,H6,data/synthetic_cases/gold_0238.md
gold_0239,synthetic_derived,mock_004,false,true,H1,data/synthetic_cases/gold_0239.md
gold_0240,synthetic_derived,mock_004,false,true,H2,data/synthetic_cases/gold_0240.md
gold_0241,synthetic_derived,mock_004,false,true,H3,data/synthetic_cases/gold_0241.md
gold_0242,synthetic_derived,mock_004,false,true,H4,data/synthetic_cases/gold_0242.md
gold_0243,synthetic_derived,mock_004,false,true,H5,data/synthetic_cases/gold_0243.md
gold_0244,synthetic_derived,mock_004,false,true,H6,data/synthetic_cases/gold_0244.md
gold_0245,synthetic_derived,mock_005,false,true,H1,data/synthetic_cases/gold_0245.md
gold_0246,synthetic_derived,mock_005,false,true,H2,data/synthetic_cases/gold_0246.md
gold_0247,synthetic_derived,mock_005,false,true,H3,data/synthetic_cases/gold_0247.md
gold_0248,synthetic_derived,mock_005,false,true,H4,data/synthetic_cases/gold_0248.md
gold_0249,synthetic_derived,mock_005,false,true,H5,data/synthetic_cases/gold_0249.md
gold_0250,synthetic_derived,mock_005,false,true,H6,data/synthetic_cases/gold_0250.md
gold_0251,synthetic_derived,mock_006,false,true,H1,data/synthetic_cases/gold_0251.md
gold_0252,synthetic_derived,mock_006,false,true,H2,data/synthetic_cases/gold_0252.md
gold_0253,synthetic_derived,mock_006,false,true,H3,data/synthetic_cases/gold_0253.md
gold_0254,synthetic_derived,mock_006,false,true,H4,data/synthetic_cases/gold_0254.md
gold_0255,synthetic_derived,mock_006,false,true,H5,data/synthetic_cases/gold_0255.md
gold_0256,synthetic_derived,mock_006,false,true,H6,data/synthetic_cases/gold_0256.md
gold_0257,synthetic_derived,mock_007,false,true,H1,data/synthetic_cases/gold_0257.md
gold_0258,synthetic_derived,mock_007,false,true,H2,data/synthetic_cases/gold_0258.md
gold_0259,synthetic_derived,mock_007,false,true,H3,data/synthetic_cases/gold_0259.md
gold_0260,synthetic_derived,mock_007,false,true,H4,data/synthetic_cases/gold_0260.md
gold_0261,synthetic_derived,mock_007,false,true,H5,data/synthetic_cases/gold_0261.md
gold_0262,synthetic_derived,mock_007,false,true,H6,data/synthetic_cases/gold_0262.md
gold_0263,synthetic_derived,mock_008,false,true,H1,data/synthetic_cases/gold_0263.md
gold_0264,synthetic_derived,mock_008,false,true,H2,data/synthetic_cases/gold_0264.md
gold_0265,synthetic_derived,mock_008,false,true,H3,data/synthetic_cases/gold_0265.md
gold_0266,synthetic_derived,mock_008,false,true,H4,data/synthetic_cases/gold_0266.md
gold_0267,synthetic_derived,mock_008,false,true,H5,data/synthetic_cases/gold_0267.md
gold_0268,synthetic_derived,mock_008,false,true,H6,data/synthetic_cases/gold_0268.md
gold_0269,synthetic_derived,mock_009,false,true,H1,data/synthetic_cases/gold_0269.md
gold_0270,synthetic_derived,mock_009,false,true,H2,data/synthetic_cases/gold_0270.md
gold_0271,synthetic_derived,mock_009,false,true,H3,data/synthetic_cases/gold_0271.md
gold_0272,synthetic_derived,mock_009,false,true,H4,data/synthetic_cases/gold_0272.md
gold_0273,synthetic_derived,mock_009,false,true,H5,data/synthetic_cases/gold_0273.md
gold_0274,synthetic_derived,mock_009,false,true,H6,data/synthetic_cases/gold_0274.md
gold_0275,synthetic_derived,mock_010,false,true,H1,data/synthetic_cases/gold_0275.md
gold_0276,synthetic_derived,mock_010,false,true,H2,data/synthetic_cases/gold_0276.md
gold_0277,synthetic_derived,mock_010,false,true,H3,data/synthetic_cases/gold_0277.md
gold_0278,synthetic_derived,mock_010,false,true,H4,data/synthetic_cases/gold_0278.md
gold_0279,synthetic_derived,mock_010,false,true,H5,data/synthetic_cases/gold_0279.md
gold_0280,synthetic_derived,mock_010,false,true,H6,data/synthetic_cases/gold_0280.md
gold_0281,synthetic_derived,mock_011,false,true,H1,data/synthetic_cases/gold_0281.md
gold_0282,synthetic_derived,mock_011,false,true,H2,data/synthetic_cases/gold_0282.md
gold_0283,synthetic_derived,mock_011,false,true,H3,data/synthetic_cases/gold_0283.md
gold_0284,synthetic_derived,mock_011,false,true,H4,data/synthetic_cases/gold_0284.md
gold_0285,synthetic_derived,mock_011,false,true,H5,data/synthetic_cases/gold_0285.md
gold_0286,synthetic_derived,mock_011,false,true,H6,data/synthetic_cases/gold_0286.md
gold_0287,synthetic_derived,mock_012,false,true,H1,data/synthetic_cases/gold_0287.md
gold_0288,synthetic_derived,mock_012,false,true,H2,data/synthetic_cases/gold_0288.md
gold_0289,synthetic_derived,mock_012,false,true,H3,data/synthetic_cases/gold_0289.md
gold_0290,synthetic_derived,mock_012,false,true,H4,data/synthetic_cases/gold_0290.md
gold_0291,synthetic_derived,mock_012,false,true,H5,data/synthetic_cases/gold_0291.md
gold_0292,synthetic_derived,mock_012,false,true,H6,data/synthetic_cases/gold_0292.md
gold_0293,synthetic_derived,mock_013,false,true,H1,data/synthetic_cases/gold_0293.md
gold_0294,synthetic_derived,mock_013,false,true,H2,data/synthetic_cases/gold_0294.md
gold_0295,synthetic_derived,mock_013,false,true,H3,data/synthetic_cases/gold_0295.md
gold_0296,synthetic_derived,mock_013,false,true,H4,data/synthetic_cases/gold_0296.md
gold_0297,synthetic_derived,mock_013,false,true,H5,data/synthetic_cases/gold_0297.md
gold_0298,synthetic_derived,mock_013,false,true,H6,data/synthetic_cases/gold_0298.md
gold_0299,synthetic_derived,mock_014,false,true,H1,data/synthetic_cases/gold_0299.md
gold_0300,synthetic_derived,mock_014,false,true,H2,data/synthetic_cases/gold_0300.md
gold_0301,synthetic_derived,mock_014,false,true,H3,data/synthetic_cases/gold_0301.md
gold_0302,synthetic_derived,mock_014,false,true,H4,data/synthetic_cases/gold_0302.md
gold_0303,synthetic_derived,mock_014,false,true,H5,data/synthetic_cases/gold_0303.md
gold_0304,synthetic_derived,mock_014,false,true,H6,data/synthetic_cases/gold_0304.md
gold_0305,synthetic_derived,mock_015,false,true,H1,data/synthetic_cases/gold_0305.md
gold_0306,synthetic_derived,mock_015,false,true,H2,data/synthetic_cases/gold_0306.md
gold_0307,synthetic_derived,mock_015,false,true,H3,data/synthetic_cases/gold_0307.md
gold_0308,synthetic_derived,mock_015,false,true,H4,data/synthetic_cases/gold_0308.md
gold_0309,synthetic_derived,mock_015,false,true,H5,data/synthetic_cases/gold_0309.md
gold_0310,synthetic_derived,mock_015,false,true,H6,data/synthetic_cases/gold_0310.md
gold_0311,synthetic_derived,mock_016,false,true,H1,data/synthetic_cases/gold_0311.md
gold_0312,synthetic_derived,mock_016,false,true,H2,data/synthetic_cases/gold_0312.md
gold_0313,synthetic_derived,mock_016,false,true,H3,data/synthetic_cases/gold_0313.md
gold_0314,synthetic_derived,mock_016,false,true,H4,data/synthetic_cases/gold_0314.md
gold_0315,synthetic_derived,mock_016,false,true,H5,data/synthetic_cases/gold_0315.md
gold_0316,synthetic_derived,mock_016,false,true,H6,data/synthetic_cases/gold_0316.md
gold_0317,synthetic_derived,mock_017,false,true,H1,data/synthetic_cases/gold_0317.md
gold_0318,synthetic_derived,mock_017,false,true,H2,data/synthetic_cases/gold_0318.md
gold_0319,synthetic_derived,mock_017,false,true,H3,data/synthetic_cases/gold_0319.md
gold_0320,synthetic_derived,mock_017,false,true,H4,data/synthetic_cases/gold_0320.md
gold_0321,synthetic_derived,mock_017,false,true,H5,data/synthetic_cases/gold_0321.md
gold_0322,synthetic_derived,mock_017,false,true,H6,data/synthetic_cases/gold_0322.md
gold_0323,synthetic_derived,mock_018,false,true,H1,data/synthetic_cases/gold_0323.md
gold_0324,synthetic_derived,mock_018,false,true,H2,data/synthetic_cases/gold_0324.md
gold_0325,synthetic_derived,mock_018,false,true,H3,data/synthetic_cases/gold_0325.md
gold_0326,synthetic_derived,mock_018,false,true,H4,data/synthetic_cases/gold_0326.md
gold_0327,synthetic_derived,mock_018,false,true,H5,data/synthetic_cases/gold_0327.md
gold_0328,synthetic_derived,mock_018,false,true,H6,data/synthetic_cases/gold_0328.md
gold_0329,synthetic_derived,mock_019,false,true,H1,data/synthetic_cases/gold_0329.md
gold_0330,synthetic_derived,mock_019,false,true,H2,data/synthetic_cases/gold_0330.md
gold_0331,synthetic_derived,mock_019,false,true,H3,data/synthetic_cases/gold_0331.md
gold_0332,synthetic_derived,mock_019,false,true,H4,data/synthetic_cases/gold_0332.md
gold_0333,synthetic_derived,mock_019,false,true,H5,data/synthetic_cases/gold_0333.md
gold_0334,synthetic_derived,mock_019,false,true,H6,data/synthetic_cases/gold_0334.md
gold_0335,synthetic_derived,mock_020,false,true,H1,data/synthetic_cases/gold_0335.md
gold_0336,synthetic_derived,mock_020,false,true,H2,data/synthetic_cases/gold_0336.md
gold_0337,synthetic_derived,mock_020,false,true,H3,data/synthetic_cases/gold_0337.md
gold_0338,synthetic_derived,mock_020,false,true,H4,data/synthetic_cases/gold_0338.md
gold_0339,synthetic_derived,mock_020,false,true,H5,data/synthetic_cases/gold_0339.md
gold_0340,synthetic_derived,mock_020,false,true,H6,data/synthetic_cases/gold_0340.md
gold_0341,synthetic_derived,mock_021,false,true,H1,data/synthetic_cases/gold_0341.md
gold_0342,synthetic_derived,mock_021,false,true,H2,data/synthetic_cases/gold_0342.md
gold_0343,synthetic_derived,mock_021,false,true,H3,data/synthetic_cases/gold_0343.md
gold_0344,synthetic_derived,mock_021,false,true,H4,data/synthetic_cases/gold_0344.md
gold_0345,synthetic_derived,mock_021,false,true,H5,data/synthetic_cases/gold_0345.md
gold_0346,synthetic_derived,mock_021,false,true,H6,data/synthetic_cases/gold_0346.md
gold_0347,synthetic_derived,mock_022,false,true,H1,data/synthetic_cases/gold_0347.md
gold_0348,synthetic_derived,mock_022,false,true,H2,data/synthetic_cases/gold_0348.md
gold_0349,synthetic_derived,mock_022,false,true,H3,data/synthetic_cases/gold_0349.md
gold_0350,synthetic_derived,mock_022,false,true,H4,data/synthetic_cases/gold_0350.md
gold_0351,synthetic_derived,mock_022,false,true,H5,data/synthetic_cases/gold_0351.md
gold_0352,synthetic_derived,mock_022,false,true,H6,data/synthetic_cases/gold_0352.md
gold_0353,synthetic_derived,mock_023,false,true,H1,data/synthetic_cases/gold_0353.md
gold_0354,synthetic_derived,mock_023,false,true,H2,data/synthetic_cases/gold_0354.md
gold_0355,synthetic_derived,mock_023,false,true,H3,data/synthetic_cases/gold_0355.md
gold_0356,synthetic_derived,mock_023,false,true,H4,data/synthetic_cases/gold_0356.md
gold_0357,synthetic_derived,mock_023,false,true,H5,data/synthetic_cases/gold_0357.md
gold_0358,synthetic_derived,mock_023,false,true,H6,data/synthetic_cases/gold_0358.md
gold_0359,synthetic_derived,mock_024,false,true,H1,data/synthetic_cases/gold_0359.md
gold_0360,synthetic_derived,mock_024,false,true,H2,data/synthetic_cases/gold_0360.md
gold_0361,synthetic_derived,mock_024,false,true,H3,data/synthetic_cases/gold_0361.md
gold_0362,synthetic_derived,mock_024,false,true,H4,data/synthetic_cases/gold_0362.md
gold_0363,synthetic_derived,mock_024,false,true,H5,data/synthetic_cases/gold_0363.md
gold_0364,synthetic_derived,mock_024,false,true,H6,data/synthetic_cases/gold_0364.md
gold_0365,synthetic_derived,mock_025,false,true,H1,data/synthetic_cases/gold_0365.md
gold_0366,synthetic_derived,mock_025,false,true,H2,data/synthetic_cases/gold_0366.md
gold_0367,synthetic_derived,mock_025,false,true,H3,data/synthetic_cases/gold_0367.md
gold_0368,synthetic_derived,mock_025,false,true,H4,data/synthetic_cases/gold_0368.md
gold_0369,synthetic_derived,mock_025,false,true,H5,data/synthetic_cases/gold_0369.md
gold_0370,synthetic_derived,mock_025,false,true,H6,data/synthetic_cases/gold_0370.md
gold_0371,synthetic_derived,mock_026,false,true,H1,data/synthetic_cases/gold_0371.md
gold_0372,synthetic_derived,mock_026,false,true,H2,data/synthetic_cases/gold_0372.md
gold_0373,synthetic_derived,mock_026,false,true,H3,data/synthetic_cases/gold_0373.md
gold_0374,synthetic_derived,mock_026,false,true,H4,data/synthetic_cases/gold_0374.md
gold_0375,synthetic_derived,mock_026,false,true,H5,data/synthetic_cases/gold_0375.md
gold_0376,synthetic_derived,mock_026,false,true,H6,data/synthetic_cases/gold_0376.md
gold_0377,synthetic_derived,mock_027,false,true,H1,data/synthetic_cases/gold_0377.md
gold_0378,synthetic_derived,mock_027,false,true,H2,data/synthetic_cases/gold_0378.md
gold_0379,synthetic_derived,mock_027,false,true,H3,data/synthetic_cases/gold_0379.md
gold_0380,synthetic_derived,mock_027,false,true,H4,data/synthetic_cases/gold_0380.md
gold_0381,synthetic_derived,mock_027,false,true,H5,data/synthetic_cases/gold_0381.md
gold_0382,synthetic_derived,mock_027,false,true,H6,data/synthetic_cases/gold_0382.md
gold_0383,synthetic_derived,mock_028,false,true,H1,data/synthetic_cases/gold_0383.md
gold_0384,synthetic_derived,mock_028,false,true,H2,data/synthetic_cases/gold_0384.md
gold_0385,synthetic_derived,mock_028,false,true,H3,data/synthetic_cases/gold_0385.md
gold_0386,synthetic_derived,mock_028,false,true,H4,data/synthetic_cases/gold_0386.md
gold_0387,synthetic_derived,mock_028,false,true,H5,data/synthetic_cases/gold_0387.md
gold_0388,synthetic_derived,mock_028,false,true,H6,data/synthetic_cases/gold_0388.md
gold_0389,synthetic_derived,mock_029,false,true,H1,data/synthetic_cases/gold_0389.md
gold_0390,synthetic_derived,mock_029,false,true,H2,data/synthetic_cases/gold_0390.md
gold_0391,synthetic_derived,mock_029,false,true,H3,data/synthetic_cases/gold_0391.md
gold_0392,synthetic_derived,mock_029,false,true,H4,data/synthetic_cases/gold_0392.md
gold_0393,synthetic_derived,mock_029,false,true,H5,data/synthetic_cases/gold_0393.md
gold_0394,synthetic_derived,mock_029,false,true,H6,data/synthetic_cases/gold_0394.md
gold_0395,synthetic_derived,mock_030,false,true,H1,data/synthetic_cases/gold_0395.md
gold_0396,synthetic_derived,mock_030,false,true,H2,data/synthetic_cases/gold_0396.md
gold_0397,synthetic_derived,mock_030,false,true,H3,data/synthetic_cases/gold_0397.md
gold_0398,synthetic_derived,mock_030,false,true,H4,data/synthetic_cases/gold_0398.md
gold_0399,synthetic_derived,mock_030,false,true,H5,data/synthetic_cases/gold_0399.md
gold_0400,synthetic_derived,mock_030,false,true,H6,data/synthetic_cases/gold_0400.md
gold_0401,synthetic_derived,mock_031,false,true,H1,data/synthetic_cases/gold_0401.md
gold_0402,synthetic_derived,mock_031,false,true,H2,data/synthetic_cases/gold_0402.md
gold_0403,synthetic_derived,mock_031,false,true,H3,data/synthetic_cases/gold_0403.md
gold_0404,synthetic_derived,mock_031,false,true,H4,data/synthetic_cases/gold_0404.md
gold_0405,synthetic_derived,mock_031,false,true,H5,data/synthetic_cases/gold_0405.md
gold_0406,synthetic_derived,mock_031,false,true,H6,data/synthetic_cases/gold_0406.md
gold_0407,synthetic_derived,mock_032,false,true,H1,data/synthetic_cases/gold_0407.md
gold_0408,synthetic_derived,mock_032,false,true,H2,data/synthetic_cases/gold_0408.md
gold_0409,synthetic_derived,mock_032,false,true,H3,data/synthetic_cases/gold_0409.md
gold_0410,synthetic_derived,mock_032,false,true,H4,data/synthetic_cases/gold_0410.md
gold_0411,synthetic_derived,mock_032,false,true,H5,data/synthetic_cases/gold_0411.md
gold_0412,synthetic_derived,mock_032,false,true,H6,data/synthetic_cases/gold_0412.md
gold_0413,synthetic_derived,mock_033,false,true,H1,data/synthetic_cases/gold_0413.md
gold_0414,synthetic_derived,mock_033,false,true,H2,data/synthetic_cases/gold_0414.md
gold_0415,synthetic_derived,mock_033,false,true,H3,data/synthetic_cases/gold_0415.md
gold_0416,synthetic_derived,mock_033,false,true,H4,data/synthetic_cases/gold_0416.md
gold_0417,synthetic_derived,mock_033,false,true,H5,data/synthetic_cases/gold_0417.md
gold_0418,synthetic_derived,mock_033,false,true,H6,data/synthetic_cases/gold_0418.md
gold_0419,synthetic_derived,mock_034,false,true,H1,data/synthetic_cases/gold_0419.md
gold_0420,synthetic_derived,mock_034,false,true,H2,data/synthetic_cases/gold_0420.md
gold_0421,synthetic_derived,mock_034,false,true,H3,data/synthetic_cases/gold_0421.md
gold_0422,synthetic_derived,mock_034,false,true,H4,data/synthetic_cases/gold_0422.md
gold_0423,synthetic_derived,mock_034,false,true,H5,data/synthetic_cases/gold_0423.md
gold_0424,synthetic_derived,mock_034,false,true,H6,data/synthetic_cases/gold_0424.md
gold_0425,synthetic_derived,mock_035,false,true,H1,data/synthetic_cases/gold_0425.md
gold_0426,synthetic_derived,mock_035,false,true,H2,data/synthetic_cases/gold_0426.md
gold_0427,synthetic_derived,mock_035,false,true,H3,data/synthetic_cases/gold_0427.md
gold_0428,synthetic_derived,mock_035,false,true,H4,data/synthetic_cases/gold_0428.md
gold_0429,synthetic_derived,mock_035,false,true,H5,data/synthetic_cases/gold_0429.md
gold_0430,synthetic_derived,mock_035,false,true,H6,data/synthetic_cases/gold_0430.md
gold_0431,synthetic_derived,mock_036,false,true,H1,data/synthetic_cases/gold_0431.md
gold_0432,synthetic_derived,mock_036,false,true,H2,data/synthetic_cases/gold_0432.md
gold_0433,synthetic_derived,mock_036,false,true,H3,data/synthetic_cases/gold_0433.md
gold_0434,synthetic_derived,mock_036,false,true,H4,data/synthetic_cases/gold_0434.md
gold_0435,synthetic_derived,mock_036,false,true,H5,data/synthetic_cases/gold_0435.md
gold_0436,synthetic_derived,mock_036,false,true,H6,data/synthetic_cases/gold_0436.md
gold_0437,synthetic_derived,mock_037,false,true,H1,data/synthetic_cases/gold_0437.md
gold_0438,synthetic_derived,mock_037,false,true,H2,data/synthetic_cases/gold_0438.md
gold_0439,synthetic_derived,mock_037,false,true,H3,data/synthetic_cases/gold_0439.md
gold_0440,synthetic_derived,mock_037,false,true,H4,data/synthetic_cases/gold_0440.md
gold_0441,synthetic_derived,mock_037,false,true,H5,data/synthetic_cases/gold_0441.md
gold_0442,synthetic_derived,mock_037,false,true,H6,data/synthetic_cases/gold_0442.md
gold_0443,synthetic_derived,mock_038,false,true,H1,data/synthetic_cases/gold_0443.md
gold_0444,synthetic_derived,mock_038,false,true,H2,data/synthetic_cases/gold_0444.md
gold_0445,synthetic_derived,mock_038,false,true,H3,data/synthetic_cases/gold_0445.md
gold_0446,synthetic_derived,mock_038,false,true,H4,data/synthetic_cases/gold_0446.md
gold_0447,synthetic_derived,mock_038,false,true,H5,data/synthetic_cases/gold_0447.md
gold_0448,synthetic_derived,mock_038,false,true,H6,data/synthetic_cases/gold_0448.md
gold_0449,synthetic_derived,mock_039,false,true,H1,data/synthetic_cases/gold_0449.md
gold_0450,synthetic_derived,mock_039,false,true,H2,data/synthetic_cases/gold_0450.md
gold_0451,synthetic_derived,mock_039,false,true,H3,data/synthetic_cases/gold_0451.md
gold_0452,synthetic_derived,mock_039,false,true,H4,data/synthetic_cases/gold_0452.md
gold_0453,synthetic_derived,mock_039,false,true,H5,data/synthetic_cases/gold_0453.md
gold_0454,synthetic_derived,mock_039,false,true,H6,data/synthetic_cases/gold_0454.md
gold_0455,synthetic_derived,mock_040,false,true,H1,data/synthetic_cases/gold_0455.md
gold_0456,synthetic_derived,mock_040,false,true,H2,data/synthetic_cases/gold_0456.md
gold_0457,synthetic_derived,mock_040,false,true,H3,data/synthetic_cases/gold_0457.md
gold_0458,synthetic_derived,mock_040,false,true,H4,data/synthetic_cases/gold_0458.md
gold_0459,synthetic_derived,mock_040,false,true,H5,data/synthetic_cases/gold_0459.md
gold_0460,synthetic_derived,mock_040,false,true,H6,data/synthetic_cases/gold_0460.md
gold_0461,synthetic_derived,mock_041,false,true,H1,data/synthetic_cases/gold_0461.md
gold_0462,synthetic_derived,mock_041,false,true,H2,data/synthetic_cases/gold_0462.md
gold_0463,synthetic_derived,mock_041,false,true,H3,data/synthetic_cases/gold_0463.md
gold_0464,synthetic_derived,mock_041,false,true,H4,data/synthetic_cases/gold_0464.md
gold_0465,synthetic_derived,mock_041,false,true,H5,data/synthetic_cases/gold_0465.md
gold_0466,synthetic_derived,mock_041,false,true,H6,data/synthetic_cases/gold_0466.md
gold_0467,synthetic_derived,mock_042,false,true,H1,data/synthetic_cases/gold_0467.md
gold_0468,synthetic_derived,mock_042,false,true,H2,data/synthetic_cases/gold_0468.md
gold_0469,synthetic_derived,mock_042,false,true,H3,data/synthetic_cases/gold_0469.md
gold_0470,synthetic_derived,mock_042,false,true,H4,data/synthetic_cases/gold_0470.md
gold_0471,synthetic_derived,mock_042,false,true,H5,data/synthetic_cases/gold_0471.md
gold_0472,synthetic_derived,mock_042,false,true,H6,data/synthetic_cases/gold_0472.md
gold_0473,synthetic_derived,mock_043,false,true,H1,data/synthetic_cases/gold_0473.md
gold_0474,synthetic_derived,mock_043,false,true,H2,data/synthetic_cases/gold_0474.md
gold_0475,synthetic_derived,mock_043,false,true,H3,data/synthetic_cases/gold_0475.md
gold_0476,synthetic_derived,mock_043,false,true,H4,data/synthetic_cases/gold_0476.md
gold_0477,synthetic_derived,mock_043,false,true,H5,data/synthetic_cases/gold_0477.md
gold_0478,synthetic_derived,mock_043,false,true,H6,data/synthetic_cases/gold_0478.md
gold_0479,synthetic_derived,mock_044,false,true,H1,data/synthetic_cases/gold_0479.md
gold_0480,synthetic_derived,mock_044,false,true,H2,data/synthetic_cases/gold_0480.md
gold_0481,synthetic_derived,mock_044,false,true,H3,data/synthetic_cases/gold_0481.md
gold_0482,synthetic_derived,mock_044,false,true,H4,data/synthetic_cases/gold_0482.md
gold_0483,synthetic_derived,mock_044,false,true,H5,data/synthetic_cases/gold_0483.md
gold_0484,synthetic_derived,mock_044,false,true,H6,data/synthetic_cases/gold_0484.md
gold_0485,synthetic_derived,mock_045,false,true,H1,data/synthetic_cases/gold_0485.md
gold_0486,synthetic_derived,mock_045,false,true,H2,data/synthetic_cases/gold_0486.md
gold_0487,synthetic_derived,mock_045,false,true,H3,data/synthetic_cases/gold_0487.md
gold_0488,synthetic_derived,mock_045,false,true,H4,data/synthetic_cases/gold_0488.md
gold_0489,synthetic_derived,mock_045,false,true,H5,data/synthetic_cases/gold_0489.md
gold_0490,synthetic_derived,mock_045,false,true,H6,data/synthetic_cases/gold_0490.md
gold_0491,synthetic_derived,mock_046,false,true,H1,data/synthetic_cases/gold_0491.md
gold_0492,synthetic_derived,mock_046,false,true,H2,data/synthetic_cases/gold_0492.md
gold_0493,synthetic_derived,mock_046,false,true,H3,data/synthetic_cases/gold_0493.md
gold_0494,synthetic_derived,mock_046,false,true,H4,data/synthetic_cases/gold_0494.md
gold_0495,synthetic_derived,mock_046,false,true,H5,data/synthetic_cases/gold_0495.md
gold_0496,synthetic_derived,mock_046,false,true,H6,data/synthetic_cases/gold_0496.md
gold_0497,synthetic_derived,mock_047,false,true,H1,data/synthetic_cases/gold_0497.md
gold_0498,synthetic_derived,mock_047,false,true,H2,data/synthetic_cases/gold_0498.md
gold_0499,synthetic_derived,mock_047,false,true,H3,data/synthetic_cases/gold_0499.md
gold_0500,synthetic_derived,mock_047,false,true,H4,data/synthetic_cases/gold_0500.md
gold_0501,synthetic_derived,mock_047,false,true,H5,data/synthetic_cases/gold_0501.md
gold_0502,synthetic_derived,mock_047,false,true,H6,data/synthetic_cases/gold_0502.md
gold_0503,synthetic_derived,mock_048,false,true,H1,data/synthetic_cases/gold_0503.md
gold_0504,synthetic_derived,mock_048,false,true,H2,data/synthetic_cases/gold_0504.md
gold_0505,synthetic_derived,mock_048,false,true,H3,data/synthetic_cases/gold_0505.md
gold_0506,synthetic_derived,mock_048,false,true,H4,data/synthetic_cases/gold_0506.md
gold_0507,synthetic_derived,mock_048,false,true,H5,data/synthetic_cases/gold_0507.md
gold_0508,synthetic_derived,mock_048,false,true,H6,data/synthetic_cases/gold_0508.md
gold_0509,synthetic_derived,mock_049,false,true,H1,data/synthetic_cases/gold_0509.md
gold_0510,synthetic_derived,mock_049,false,true,H2,data/synthetic_cases/gold_0510.md
gold_0511,synthetic_derived,mock_049,false,true,H3,data/synthetic_cases/gold_0511.md
gold_0512,synthetic_derived,mock_049,false,true,H4,data/synthetic_cases/gold_0512.md
gold_0513,synthetic_derived,mock_049,false,true,H5,data/synthetic_cases/gold_0513.md
gold_0514,synthetic_derived,mock_049,false,true,H6,data/synthetic_cases/gold_0514.md
gold_0515,synthetic_derived,mock_050,false,true,H1,data/synthetic_cases/gold_0515.md
gold_0516,synthetic_derived,mock_050,false,true,H2,data/synthetic_cases/gold_0516.md
gold_0517,synthetic_derived,mock_050,false,true,H3,data/synthetic_cases/gold_0517.md
gold_0518,synthetic_derived,mock_050,false,true,H4,data/synthetic_cases/gold_0518.md
gold_0519,synthetic_derived,mock_050,false,true,H5,data/synthetic_cases/gold_0519.md
gold_0520,synthetic_derived,mock_050,false,true,H6,data/synthetic_cases/gold_0520.md
gold_0521,synthetic_derived,mock_051,false,true,H1,data/synthetic_cases/gold_0521.md
gold_0522,synthetic_derived,mock_051,false,true,H2,data/synthetic_cases/gold_0522.md
gold_0523,synthetic_derived,mock_051,false,true,H3,data/synthetic_cases/gold_0523.md
gold_0524,synthetic_derived,mock_051,false,true,H4,data/synthetic_cases/gold_0524.md
gold_0525,synthetic_derived,mock_051,false,true,H5,data/synthetic_cases/gold_0525.md
gold_0526,synthetic_derived,mock_051,false,true,H6,data/synthetic_cases/gold_0526.md
gold_0527,synthetic_derived,mock_052,false,true,H1,data/synthetic_cases/gold_0527.md
gold_0528,synthetic_derived,mock_052,false,true,H2,data/synthetic_cases/gold_0528.md
gold_0529,synthetic_derived,mock_052,false,true,H3,data/synthetic_cases/gold_0529.md
gold_0530,synthetic_derived,mock_052,false,true,H4,data/synthetic_cases/gold_0530.md
gold_0531,synthetic_derived,mock_052,false,true,H5,data/synthetic_cases/gold_0531.md
gold_0532,synthetic_derived,mock_052,false,true,H6,data/synthetic_cases/gold_0532.md
gold_0533,synthetic_derived,mock_053,false,true,H1,data/synthetic_cases/gold_0533.md
gold_0534,synthetic_derived,mock_053,false,true,H2,data/synthetic_cases/gold_0534.md
gold_0535,synthetic_derived,mock_053,false,true,H3,data/synthetic_cases/gold_0535.md
gold_0536,synthetic_derived,mock_053,false,true,H4,data/synthetic_cases/gold_0536.md
gold_0537,synthetic_derived,mock_053,false,true,H5,data/synthetic_cases/gold_0537.md
gold_0538,synthetic_derived,mock_053,false,true,H6,data/synthetic_cases/gold_0538.md
gold_0539,synthetic_derived,mock_054,false,true,H1,data/synthetic_cases/gold_0539.md
gold_0540,synthetic_derived,mock_054,false,true,H2,data/synthetic_cases/gold_0540.md
gold_0541,synthetic_derived,mock_054,false,true,H3,data/synthetic_cases/gold_0541.md
gold_0542,synthetic_derived,mock_054,false,true,H4,data/synthetic_cases/gold_0542.md
gold_0543,synthetic_derived,mock_054,false,true,H5,data/synthetic_cases/gold_0543.md
gold_0544,synthetic_derived,mock_054,false,true,H6,data/synthetic_cases/gold_0544.md
gold_0545,synthetic_derived,mock_055,false,true,H1,data/synthetic_cases/gold_0545.md
gold_0546,synthetic_derived,mock_055,false,true,H2,data/synthetic_cases/gold_0546.md
gold_0547,synthetic_derived,mock_055,false,true,H3,data/synthetic_cases/gold_0547.md
gold_0548,synthetic_derived,mock_055,false,true,H4,data/synthetic_cases/gold_0548.md
gold_0549,synthetic_derived,mock_055,false,true,H5,data/synthetic_cases/gold_0549.md
gold_0550,synthetic_derived,mock_055,false,true,H6,data/synthetic_cases/gold_0550.md
gold_0551,synthetic_derived,mock_056,false,true,H1,data/synthetic_cases/gold_0551.md
gold_0552,synthetic_derived,mock_056,false,true,H2,data/synthetic_cases/gold_0552.md
gold_0553,synthetic_derived,mock_056,false,true,H3,data/synthetic_cases/gold_0553.md
gold_0554,synthetic_derived,mock_056,false,true,H4,data/synthetic_cases/gold_0554.md
gold_0555,synthetic_derived,mock_056,false,true,H5,data/synthetic_cases/gold_0555.md
gold_0556,synthetic_derived,mock_056,false,true,H6,data/synthetic_cases/gold_0556.md
gold_0557,synthetic_derived,mock_057,false,true,H1,data/synthetic_cases/gold_0557.md
gold_0558,synthetic_derived,mock_057,false,true,H2,data/synthetic_cases/gold_0558.md
gold_0559,synthetic_derived,mock_057,false,true,H3,data/synthetic_cases/gold_0559.md
gold_0560,synthetic_derived,mock_057,false,true,H4,data/synthetic_cases/gold_0560.md
gold_0561,synthetic_derived,mock_057,false,true,H5,data/synthetic_cases/gold_0561.md
gold_0562,synthetic_derived,mock_057,false,true,H6,data/synthetic_cases/gold_0562.md
gold_0563,synthetic_derived,mock_058,false,true,H1,data/synthetic_cases/gold_0563.md
gold_0564,synthetic_derived,mock_058,false,true,H2,data/synthetic_cases/gold_0564.md
gold_0565,synthetic_derived,mock_058,false,true,H3,data/synthetic_cases/gold_0565.md
gold_0566,synthetic_derived,mock_058,false,true,H4,data/synthetic_cases/gold_0566.md
gold_0567,synthetic_derived,mock_058,false,true,H5,data/synthetic_cases/gold_0567.md
gold_0568,synthetic_derived,mock_058,false,true,H6,data/synthetic_cases/gold_0568.md
gold_0569,synthetic_derived,mock_059,false,true,H1,data/synthetic_cases/gold_0569.md
gold_0570,synthetic_derived,mock_059,false,true,H2,data/synthetic_cases/gold_0570.md
gold_0571,synthetic_derived,mock_059,false,true,H3,data/synthetic_cases/gold_0571.md
gold_0572,synthetic_derived,mock_059,false,true,H4,data/synthetic_cases/gold_0572.md
gold_0573,synthetic_derived,mock_059,false,true,H5,data/synthetic_cases/gold_0573.md
gold_0574,synthetic_derived,mock_059,false,true,H6,data/synthetic_cases/gold_0574.md
gold_0575,synthetic_derived,mock_060,false,true,H1,data/synthetic_cases/gold_0575.md
gold_0576,synthetic_derived,mock_060,false,true,H2,data/synthetic_cases/gold_0576.md
gold_0577,synthetic_derived,mock_060,false,true,H3,data/synthetic_cases/gold_0577.md
gold_0578,synthetic_derived,mock_060,false,true,H4,data/synthetic_cases/gold_0578.md
gold_0579,synthetic_derived,mock_060,false,true,H5,data/synthetic_cases/gold_0579.md
gold_0580,synthetic_derived,mock_060,false,true,H6,data/synthetic_cases/gold_0580.md
gold_0581,synthetic_derived,mock_061,false,true,H1,data/synthetic_cases/gold_0581.md
gold_0582,synthetic_derived,mock_061,false,true,H2,data/synthetic_cases/gold_0582.md
gold_0583,synthetic_derived,mock_061,false,true,H3,data/synthetic_cases/gold_0583.md
gold_0584,synthetic_derived,mock_061,false,true,H4,data/synthetic_cases/gold_0584.md
gold_0585,synthetic_derived,mock_061,false,true,H5,data/synthetic_cases/gold_0585.md
gold_0586,synthetic_derived,mock_061,false,true,H6,data/synthetic_cases/gold_0586.md
gold_0587,synthetic_derived,mock_062,false,true,H1,data/synthetic_cases/gold_0587.md
gold_0588,synthetic_derived,mock_062,false,true,H2,data/synthetic_cases/gold_0588.md
gold_0589,synthetic_derived,mock_062,false,true,H3,data/synthetic_cases/gold_0589.md
gold_0590,synthetic_derived,mock_062,false,true,H4,data/synthetic_cases/gold_0590.md
gold_0591,synthetic_derived,mock_062,false,true,H5,data/synthetic_cases/gold_0591.md
gold_0592,synthetic_derived,mock_062,false,true,H6,data/synthetic_cases/gold_0592.md
gold_0593,synthetic_derived,mock_063,false,true,H1,data/synthetic_cases/gold_0593.md
gold_0594,synthetic_derived,mock_063,false,true,H2,data/synthetic_cases/gold_0594.md
gold_0595,synthetic_derived,mock_063,false,true,H3,data/synthetic_cases/gold_0595.md
gold_0596,synthetic_derived,mock_063,false,true,H4,data/synthetic_cases/gold_0596.md
gold_0597,synthetic_derived,mock_063,false,true,H5,data/synthetic_cases/gold_0597.md
gold_0598,synthetic_derived,mock_063,false,true,H6,data/synthetic_cases/gold_0598.md
gold_0599,synthetic_derived,mock_064,false,true,H1,data/synthetic_cases/gold_0599.md
gold_0600,synthetic_derived,mock_064,false,true,H2,data/synthetic_cases/gold_0600.md
gold_0601,synthetic_derived,mock_064,false,true,H3,data/synthetic_cases/gold_0601.md
gold_0602,synthetic_derived,mock_064,false,true,H4,data/synthetic_cases/gold_0602.md
gold_0603,synthetic_derived,mock_064,false,true,H5,data/synthetic_cases/gold_0603.md
gold_0604,synthetic_derived,mock_064,false,true,H6,data/synthetic_cases/gold_0604.md
gold_0605,synthetic_derived,mock_065,false,true,H1,data/synthetic_cases/gold_0605.md
gold_0606,synthetic_derived,mock_065,false,true,H2,data/synthetic_cases/gold_0606.md
gold_0607,synthetic_derived,mock_065,false,true,H3,data/synthetic_cases/gold_0607.md
gold_0608,synthetic_derived,mock_065,false,true,H4,data/synthetic_cases/gold_0608.md
gold_0609,synthetic_derived,mock_065,false,true,H5,data/synthetic_cases/gold_0609.md
gold_0610,synthetic_derived,mock_065,false,true,H6,data/synthetic_cases/gold_0610.md
gold_0611,synthetic_derived,mock_066,false,true,H1,data/synthetic_cases/gold_0611.md
gold_0612,synthetic_derived,mock_066,false,true,H2,data/synthetic_cases/gold_0612.md
gold_0613,synthetic_derived,mock_066,false,true,H3,data/synthetic_cases/gold_0613.md
gold_0614,synthetic_derived,mock_066,false,true,H4,data/synthetic_cases/gold_0614.md
gold_0615,synthetic_derived,mock_066,false,true,H5,data/synthetic_cases/gold_0615.md
gold_0616,synthetic_derived,mock_066,false,true,H6,data/synthetic_cases/gold_0616.md
gold_0617,synthetic_derived,mock_067,false,true,H1,data/synthetic_cases/gold_0617.md
gold_0618,synthetic_derived,mock_067,false,true,H2,data/synthetic_cases/gold_0618.md
gold_0619,synthetic_derived,mock_067,false,true,H3,data/synthetic_cases/gold_0619.md
gold_0620,synthetic_derived,mock_067,false,true,H4,data/synthetic_cases/gold_0620.md
gold_0621,synthetic_derived,mock_067,false,true,H5,data/synthetic_cases/gold_0621.md
gold_0622,synthetic_derived,mock_067,false,true,H6,data/synthetic_cases/gold_0622.md
gold_0623,synthetic_derived,mock_068,false,true,H1,data/synthetic_cases/gold_0623.md
gold_0624,synthetic_derived,mock_068,false,true,H2,data/synthetic_cases/gold_0624.md
gold_0625,synthetic_derived,mock_068,false,true,H3,data/synthetic_cases/gold_0625.md
gold_0626,synthetic_derived,mock_068,false,true,H4,data/synthetic_cases/gold_0626.md
gold_0627,synthetic_derived,mock_068,false,true,H5,data/synthetic_cases/gold_0627.md
gold_0628,synthetic_derived,mock_068,false,true,H6,data/synthetic_cases/gold_0628.md
gold_0629,synthetic_derived,mock_069,false,true,H1,data/synthetic_cases/gold_0629.md
gold_0630,synthetic_derived,mock_069,false,true,H2,data/synthetic_cases/gold_0630.md
gold_0631,synthetic_derived,mock_069,false,true,H3,data/synthetic_cases/gold_0631.md
gold_0632,synthetic_derived,mock_069,false,true,H4,data/synthetic_cases/gold_0632.md
gold_0633,synthetic_derived,mock_069,false,true,H5,data/synthetic_cases/gold_0633.md
gold_0634,synthetic_derived,mock_069,false,true,H6,data/synthetic_cases/gold_0634.md
gold_0635,synthetic_derived,mock_070,false,true,H1,data/synthetic_cases/gold_0635.md
gold_0636,synthetic_derived,mock_070,false,true,H2,data/synthetic_cases/gold_0636.md
gold_0637,synthetic_derived,mock_070,false,true,H3,data/synthetic_cases/gold_0637.md
gold_0638,synthetic_derived,mock_070,false,true,H4,data/synthetic_cases/gold_0638.md
gold_0639,synthetic_derived,mock_070,false,true,H5,data/synthetic_cases/gold_0639.md
gold_0640,synthetic_derived,mock_070,false,true,H6,data/synthetic_cases/gold_0640.md
gold_0641,synthetic_derived,mock_071,false,true,H1,data/synthetic_cases/gold_0641.md
gold_0642,synthetic_derived,mock_071,false,true,H2,data/synthetic_cases/gold_0642.md
gold_0643,synthetic_derived,mock_071,false,true,H3,data/synthetic_cases/gold_0643.md
gold_0644,synthetic_derived,mock_071,false,true,H4,data/synthetic_cases/gold_0644.md
gold_0645,synthetic_derived,mock_071,false,true,H5,data/synthetic_cases/gold_0645.md
gold_0646,synthetic_derived,mock_071,false,true,H6,data/synthetic_cases/gold_0646.md
gold_0647,synthetic_derived,mock_072,false,true,H1,data/synthetic_cases/gold_0647.md
gold_0648,synthetic_derived,mock_072,false,true,H2,data/synthetic_cases/gold_0648.md
gold_0649,synthetic_derived,mock_072,false,true,H3,data/synthetic_cases/gold_0649.md
gold_0650,synthetic_derived,mock_072,false,true,H4,data/synthetic_cases/gold_0650.md
gold_0651,synthetic_derived,mock_072,false,true,H5,data/synthetic_cases/gold_0651.md
gold_0652,synthetic_derived,mock_072,false,true,H6,data/synthetic_cases/gold_0652.md
gold_0653,synthetic_derived,mock_073,false,true,H1,data/synthetic_cases/gold_0653.md
gold_0654,synthetic_derived,mock_073,false,true,H2,data/synthetic_cases/gold_0654.md
gold_0655,synthetic_derived,mock_073,false,true,H3,data/synthetic_cases/gold_0655.md
gold_0656,synthetic_derived,mock_073,false,true,H4,data/synthetic_cases/gold_0656.md
gold_0657,synthetic_derived,mock_073,false,true,H5,data/synthetic_cases/gold_0657.md
gold_0658,synthetic_derived,mock_073,false,true,H6,data/synthetic_cases/gold_0658.md
gold_0659,synthetic_derived,mock_074,false,true,H1,data/synthetic_cases/gold_0659.md
gold_0660,synthetic_derived,mock_074,false,true,H2,data/synthetic_cases/gold_0660.md
gold_0661,synthetic_derived,mock_074,false,true,H3,data/synthetic_cases/gold_0661.md
gold_0662,synthetic_derived,mock_074,false,true,H4,data/synthetic_cases/gold_0662.md
gold_0663,synthetic_derived,mock_074,false,true,H5,data/synthetic_cases/gold_0663.md
gold_0664,synthetic_derived,mock_074,false,true,H6,data/synthetic_cases/gold_0664.md
gold_0665,synthetic_derived,mock_075,false,true,H1,data/synthetic_cases/gold_0665.md
gold_0666,synthetic_derived,mock_075,false,true,H2,data/synthetic_cases/gold_0666.md
gold_0667,synthetic_derived,mock_075,false,true,H3,data/synthetic_cases/gold_0667.md
gold_0668,synthetic_derived,mock_075,false,true,H4,data/synthetic_cases/gold_0668.md
gold_0669,synthetic_derived,mock_075,false,true,H5,data/synthetic_cases/gold_0669.md
gold_0670,synthetic_derived,mock_075,false,true,H6,data/synthetic_cases/gold_0670.md
gold_0671,synthetic_derived,mock_076,false,true,H1,data/synthetic_cases/gold_0671.md
gold_0672,synthetic_derived,mock_076,false,true,H2,data/synthetic_cases/gold_0672.md
gold_0673,synthetic_derived,mock_076,false,true,H3,data/synthetic_cases/gold_0673.md
gold_0674,synthetic_derived,mock_076,false,true,H4,data/synthetic_cases/gold_0674.md
gold_0675,synthetic_derived,mock_076,false,true,H5,data/synthetic_cases/gold_0675.md
gold_0676,synthetic_derived,mock_076,false,true,H6,data/synthetic_cases/gold_0676.md
gold_0677,synthetic_derived,mock_077,false,true,H1,data/synthetic_cases/gold_0677.md
gold_0678,synthetic_derived,mock_077,false,true,H2,data/synthetic_cases/gold_0678.md
gold_0679,synthetic_derived,mock_077,false,true,H3,data/synthetic_cases/gold_0679.md
gold_0680,synthetic_derived,mock_077,false,true,H4,data/synthetic_cases/gold_0680.md
gold_0681,synthetic_derived,mock_077,false,true,H5,data/synthetic_cases/gold_0681.md
gold_0682,synthetic_derived,mock_077,false,true,H6,data/synthetic_cases/gold_0682.md
gold_0683,synthetic_derived,mock_078,false,true,H1,data/synthetic_cases/gold_0683.md
gold_0684,synthetic_derived,mock_078,false,true,H2,data/synthetic_cases/gold_0684.md
gold_0685,synthetic_derived,mock_078,false,true,H3,data/synthetic_cases/gold_0685.md
gold_0686,synthetic_derived,mock_078,false,true,H4,data/synthetic_cases/gold_0686.md
gold_0687,synthetic_derived,mock_078,false,true,H5,data/synthetic_cases/gold_0687.md
gold_0688,synthetic_derived,mock_078,false,true,H6,data/synthetic_cases/gold_0688.md
gold_0689,synthetic_derived,mock_079,false,true,H1,data/synthetic_cases/gold_0689.md
gold_0690,synthetic_derived,mock_079,false,true,H2,data/synthetic_cases/gold_0690.md
gold_0691,synthetic_derived,mock_079,false,true,H3,data/synthetic_cases/gold_0691.md
gold_0692,synthetic_derived,mock_079,false,true,H4,data/synthetic_cases/gold_0692.md
gold_0693,synthetic_derived,mock_079,false,true,H5,data/synthetic_cases/gold_0693.md
gold_0694,synthetic_derived,mock_079,false,true,H6,data/synthetic_cases/gold_0694.md
gold_0695,synthetic_derived,mock_080,false,true,H1,data/synthetic_cases/gold_0695.md
gold_0696,synthetic_derived,mock_080,false,true,H2,data/synthetic_cases/gold_0696.md
gold_0697,synthetic_derived,mock_080,false,true,H3,data/synthetic_cases/gold_0697.md
gold_0698,synthetic_derived,mock_080,false,true,H4,data/synthetic_cases/gold_0698.md
gold_0699,synthetic_derived,mock_080,false,true,H5,data/synthetic_cases/gold_0699.md
gold_0700,synthetic_derived,mock_080,false,true,H6,data/synthetic_cases/gold_0700.md
