audit_id,rule_id,branch_id,policy_element,frozen_prompt_value,canonical_table_value,annotation_manual_value,prompt_vs_manual_status,prompt_vs_canonical_status,discrepancy_class,discrepancy_description,reference_policy,n_labels_potentially_affected,n_labels_actually_affected,candidate_case_file,resolution,final_status
A01,H1,-,trigger / pass / fail / na,Trigger: GEJ/cardia-related malignancy statement. PASS requires pathology/biopsy with histologic type; otherwise FAIL (Major).,GEJ/cardia malignancy diagnostic statement is present | Pathology/biopsy evidence with histologic type is documented,NOT_IN_PACKAGE,NOT_ASSESSED,CONSISTENT,MATCH,"Canonical table conveys the same trigger, evidence requirement and failure mode as the frozen prompt; no branch structure or numeric threshold exists for H1.",FROZEN_PROMPT,0,0,,None required,CONFIRMED_MATCH
A02,H2,-,trigger / pass / fail / na,Trigger: GEJ/cardia-related malignancy statement. PASS requires endoscopic findings with site/morphology; procedure-only mentions fail.,Same GEJ/cardia malignancy context as H1 | Reviewable endoscopic finding or explicit endoscopy-sourced diagnostic conclusion with disease/site information is documented,NOT_IN_PACKAGE,NOT_ASSESSED,CONSISTENT,MATCH,Canonical wording ('Only procedure/workflow mention such as gastroscopy performed without findings...') matches the frozen prompt's exclusion of procedure-only mentions.,FROZEN_PROMPT,0,0,,None required,CONFIRMED_MATCH
A03,H3,-,trigger / pass / fail / na,Trigger: distant metastasis / M1 / stage IV / advanced disease. Regional lymph nodes do not trigger. Diagnosis must reflect metastasis/stage.,Distant metastasis/M1/stage IV/advanced disease signal is present | No distant metastasis trigger; regional lymph nodes alone do not trigger H3,NOT_IN_PACKAGE,NOT_ASSESSED,CONSISTENT,MATCH,Both sources exclude regional lymph-node findings from triggering H3 and require the diagnosis to reflect metastasis/stage once triggered.,FROZEN_PROMPT,0,0,,None required,CONFIRMED_MATCH
A04,H6,-,trigger / pass / fail / na,All records; 12 required fields must be present and non-empty; diagnosis naming must be reviewable (site + malignant nature; ICD not required).,The 12 required fields are present with non-empty values and diagnosis naming is reviewable with explicit site and malignant nature | Any required field is absent or empty; diagnosis naming cannot be reviewed for site or malignant nature,NOT_IN_PACKAGE,NOT_ASSESSED,CONSISTENT,MATCH,"Canonical table reproduces the 12-field completeness rule and the naming-reviewability rule, including that absence of an ICD code alone is not FAIL.",FROZEN_PROMPT,0,0,,None required,CONFIRMED_MATCH
A05,H6,-,fail_severity,Field missing/empty -> FAIL (Major); naming not reviewable -> FAIL (Minor).,NOT_STATED (canonical table has no severity column),NOT_IN_PACKAGE,NOT_ASSESSED,SEVERITY_NOT_IN_CANONICAL,PRESENTATION_OMISSION,Severity grading does not change PASS/FAIL/NA labels; it is restored in the revised branch-level Table 1 and Supplementary Table S1.,FROZEN_PROMPT,0,0,,Severity added to revised Table 1 / Supplementary Table S1 branch-level decision table.,RESOLVED_PRESENTATION_FIX
A06,H4,H4_SUBTYPE_OR_SIEWERT,trigger,Branch 1 trigger: diagnosis states Siewert I/II/III or distal-esophageal/cardia/subcardial-gastric cancer.,GEJ/cardia/distal esophageal/subcardial gastric cancer or Siewert clue is present,NOT_IN_PACKAGE,NOT_ASSESSED,BRANCH_NOT_REPRESENTED,PRESENTATION_OVERSIMPLIFICATION,Canonical trigger merges Branch 1 and Branch 2 into a single row; a reader cannot tell that subtype/Siewert designations trigger a stricter evidence requirement. Counts cover the released 560-instance synthetic layer only; the 140 real/real-derived instances are not contained in the public package.,FROZEN_PROMPT,80,0,rule_source_audit_h4_candidate_cases.csv,Revised Table 1 and Supplementary Table S1 present the two H4 branches separately.,RESOLVED_PRESENTATION_FIX
A07,H4,H4_SUBTYPE_OR_SIEWERT,pass_condition,Requires reviewable tumor-center OR upper/lower-bound distance relative to the documented Z-line/dentate line; CT/PET/MR location alone is insufficient.,Reviewable localization evidence such as incisors distance/Z-line/dentate-line/EGJ landmark or lesion bounds is documented,NOT_IN_PACKAGE,NOT_ASSESSED,BROADER_IN_CANONICAL,PRESENTATION_OVERSIMPLIFICATION,"Canonical pass_minimum lists 'incisors distance/EGJ landmark or lesion bounds' without the Branch-1 restriction to Z-line/dentate-line relative distances. Under the canonical wording 80 released synthetic Branch-1 labels could have been read as PASS; all are FAIL in the final Gold set, consistent with the frozen prompt. Counts cover the released 560-instance synthetic layer only; the 140 real/real-derived instances are not contained in the public package.",FROZEN_PROMPT,80,0,rule_source_audit_h4_candidate_cases.csv,Revised Table 1 and Supplementary Table S1 state the Branch-1 Z-line/dentate-line requirement explicitly.,RESOLVED_PRESENTATION_FIX
A08,H4,H4_SUBTYPE_OR_SIEWERT,fail_condition,Missing required Z-line/dentate-line relative-distance evidence -> FAIL (Critical).,GEJ/Siewert/subsite diagnosis lacks qualifying localization evidence,NOT_IN_PACKAGE,NOT_ASSESSED,CONSISTENT_SUBSTANCE,PRESENTATION_OVERSIMPLIFICATION,Failure substance matches (absence of qualifying localization evidence); the Critical severity is omitted from the canonical table (see severity rows).,FROZEN_PROMPT,0,0,,Severity restored in revised Table 1 / Supplementary Table S1.,RESOLVED_PRESENTATION_FIX
A09,H4,H4_GEJ_ONLY,trigger / pass / fail,"Branch 2 trigger: diagnosis stated only as GEJ/gastroesophageal-junction cancer. PASS: reviewable endoscopic localization, incisors distance, or Z-line/dentate-line distance; CT/PET/MR location alone insufficient. FAIL (Major) when all are absent.",(branch not represented as such; merged wording covers equivalent evidence types),NOT_IN_PACKAGE,NOT_ASSESSED,BRANCH_NOT_REPRESENTED,PRESENTATION_OMISSION,"The canonical table does not represent Branch 2 separately, but its merged evidence list accepts exactly the Branch-2 evidence types, so no label could have been judged differently. Counts cover the released 560-instance synthetic layer only; the 140 real/real-derived instances are not contained in the public package.",FROZEN_PROMPT,0,0,,Revised Table 1 and Supplementary Table S1 present Branch 2 explicitly with Major severity.,RESOLVED_PRESENTATION_FIX
A10,H4,H4_SUBTYPE_OR_SIEWERT,fail_severity,FAIL (Critical) for Branch 1.,NOT_STATED (canonical table has no severity column),NOT_IN_PACKAGE,NOT_ASSESSED,SEVERITY_NOT_IN_CANONICAL,PRESENTATION_OMISSION,Severity does not alter PASS/FAIL/NA labels.,FROZEN_PROMPT,0,0,,Severity restored in revised Table 1 / Supplementary Table S1.,RESOLVED_PRESENTATION_FIX
A11,H4,H4_GEJ_ONLY,fail_severity,FAIL (Major) for Branch 2.,NOT_STATED (canonical table has no severity column),NOT_IN_PACKAGE,NOT_ASSESSED,SEVERITY_NOT_IN_CANONICAL,PRESENTATION_OMISSION,Severity does not alter PASS/FAIL/NA labels.,FROZEN_PROMPT,0,0,,Severity restored in revised Table 1 / Supplementary Table S1.,RESOLVED_PRESENTATION_FIX
A12,H5,-,trigger,Siewert I/II/III or GEJ diagnosis AND an explicit tumor-center distance relative to the Z-line/dentate line.,GEJ/Siewert diagnostic naming is present and explicit tumor-center distance relative to Z-line/dentate line is documented,NOT_IN_PACKAGE,NOT_ASSESSED,CONSISTENT,MATCH,Trigger wording is equivalent in both sources.,FROZEN_PROMPT,0,0,,None required,CONFIRMED_MATCH
A13,H5,H5_NO_CENTER_DISTANCE,na_condition,"No tumor-center distance, or only upper/lower-bound distances -> NA.",No explicit tumor-center distance; only upper/lower bounds; trigger absent,NOT_IN_PACKAGE,NOT_ASSESSED,CONSISTENT,MATCH,"Both sources assign NA when no explicit tumor-center distance exists, including bounds-only documentation. No bounds-only case occurs in the released synthetic layer. Counts cover the released 560-instance synthetic layer only; the 140 real/real-derived instances are not contained in the public package.",FROZEN_PROMPT,0,0,,None required,CONFIRMED_MATCH
A14,H5,H5_SIEWERT_I,numeric_threshold,"Siewert I: tumor center 1-5 cm above the Z-line (d in [+1, +5]).",NOT_STATED,NOT_IN_PACKAGE,NOT_ASSESSED,THRESHOLD_OMITTED,PRESENTATION_OMISSION,"The frozen prompt defines explicit numeric intervals (Siewert I: Z-line above 1-5 cm; II: above 1 cm through below 2 cm; III: below 2-5 cm; GEJ diagnosis with center distance beyond +/-5 cm -> FAIL). The canonical table references 'the frozen Siewert interval' without reproducing the values, so threshold-dependent judgments cannot be reproduced from the canonical table alone. Re-adjudication of all 400 applicable released synthetic labels under the frozen thresholds matches the final Gold set exactly. Counts cover the released 560-instance synthetic layer only; the 140 real/real-derived instances are not contained in the public package.",FROZEN_PROMPT,110,0,rule_source_audit_h5_applicable_cases.csv,Numeric thresholds restored in revised Supplementary Table S1 (branch-level decision table) and summarized in Table 1.,RESOLVED_PRESENTATION_FIX
A15,H5,H5_SIEWERT_II,numeric_threshold,"Siewert II: tumor center from 1 cm above through 2 cm below the Z-line (d in [-2, +1]).",NOT_STATED,NOT_IN_PACKAGE,NOT_ASSESSED,THRESHOLD_OMITTED,PRESENTATION_OMISSION,"The frozen prompt defines explicit numeric intervals (Siewert I: Z-line above 1-5 cm; II: above 1 cm through below 2 cm; III: below 2-5 cm; GEJ diagnosis with center distance beyond +/-5 cm -> FAIL). The canonical table references 'the frozen Siewert interval' without reproducing the values, so threshold-dependent judgments cannot be reproduced from the canonical table alone. Re-adjudication of all 400 applicable released synthetic labels under the frozen thresholds matches the final Gold set exactly. Counts cover the released 560-instance synthetic layer only; the 140 real/real-derived instances are not contained in the public package.",FROZEN_PROMPT,130,0,rule_source_audit_h5_applicable_cases.csv,Numeric thresholds restored in revised Supplementary Table S1.,RESOLVED_PRESENTATION_FIX
A16,H5,H5_SIEWERT_III,numeric_threshold,"Siewert III: tumor center 2-5 cm below the Z-line (d in [-5, -2]).",NOT_STATED,NOT_IN_PACKAGE,NOT_ASSESSED,THRESHOLD_OMITTED,PRESENTATION_OMISSION,"The frozen prompt defines explicit numeric intervals (Siewert I: Z-line above 1-5 cm; II: above 1 cm through below 2 cm; III: below 2-5 cm; GEJ diagnosis with center distance beyond +/-5 cm -> FAIL). The canonical table references 'the frozen Siewert interval' without reproducing the values, so threshold-dependent judgments cannot be reproduced from the canonical table alone. Re-adjudication of all 400 applicable released synthetic labels under the frozen thresholds matches the final Gold set exactly. Counts cover the released 560-instance synthetic layer only; the 140 real/real-derived instances are not contained in the public package.",FROZEN_PROMPT,160,0,rule_source_audit_h5_applicable_cases.csv,Numeric thresholds restored in revised Supplementary Table S1.,RESOLVED_PRESENTATION_FIX
A17,H5,H5_GEJ_RANGE,numeric_threshold,GEJ diagnosis with center distance beyond +/-5 cm from the Z-line -> FAIL (Critical).,NOT_STATED,NOT_IN_PACKAGE,NOT_ASSESSED,THRESHOLD_OMITTED,PRESENTATION_OMISSION,"The frozen prompt defines explicit numeric intervals (Siewert I: Z-line above 1-5 cm; II: above 1 cm through below 2 cm; III: below 2-5 cm; GEJ diagnosis with center distance beyond +/-5 cm -> FAIL). The canonical table references 'the frozen Siewert interval' without reproducing the values, so threshold-dependent judgments cannot be reproduced from the canonical table alone. Re-adjudication of all 400 applicable released synthetic labels under the frozen thresholds matches the final Gold set exactly. Counts cover the released 560-instance synthetic layer only; the 140 real/real-derived instances are not contained in the public package.",FROZEN_PROMPT,0,0,rule_source_audit_h5_applicable_cases.csv,Numeric thresholds restored in revised Supplementary Table S1.,RESOLVED_PRESENTATION_FIX
A18,H5,-,direction_convention / boundary_inclusivity,"'Z-line above x cm' is d=+x, 'below x cm' is d=-x; interval endpoints are inclusive as written. The Siewert I/II ranges share the d=+1 boundary, which both adjacent subtypes accept, so no conflicting judgment can arise at the shared boundary.",NOT_STATED,NOT_IN_PACKAGE,NOT_ASSESSED,CONVENTION_OMITTED,PRESENTATION_OMISSION,Direction convention and endpoint inclusivity are not reproduced in the canonical table. Re-adjudication under the frozen conventions reproduces every released synthetic Gold label. Counts cover the released 560-instance synthetic layer only; the 140 real/real-derived instances are not contained in the public package.,FROZEN_PROMPT,400,0,rule_source_audit_h5_applicable_cases.csv,Direction convention and thresholds restored in revised Supplementary Table S1.,RESOLVED_PRESENTATION_FIX
A19,H1,-,fail_severity,FAIL (Major).,NOT_STATED (canonical table has no severity column),NOT_IN_PACKAGE,NOT_ASSESSED,SEVERITY_NOT_IN_CANONICAL,PRESENTATION_OMISSION,Severity grading does not change PASS/FAIL/NA labels; it is restored in the revised branch-level Table 1 and Supplementary Table S1.,FROZEN_PROMPT,0,0,,Severity added to revised Table 1 / Supplementary Table S1.,RESOLVED_PRESENTATION_FIX
A20,H2,-,fail_severity,FAIL (Major).,NOT_STATED (canonical table has no severity column),NOT_IN_PACKAGE,NOT_ASSESSED,SEVERITY_NOT_IN_CANONICAL,PRESENTATION_OMISSION,Severity grading does not change PASS/FAIL/NA labels; it is restored in the revised branch-level Table 1 and Supplementary Table S1.,FROZEN_PROMPT,0,0,,Severity added to revised Table 1 / Supplementary Table S1.,RESOLVED_PRESENTATION_FIX
A21,H3,-,fail_severity,FAIL (Major).,NOT_STATED (canonical table has no severity column),NOT_IN_PACKAGE,NOT_ASSESSED,SEVERITY_NOT_IN_CANONICAL,PRESENTATION_OMISSION,Severity grading does not change PASS/FAIL/NA labels; it is restored in the revised branch-level Table 1 and Supplementary Table S1.,FROZEN_PROMPT,0,0,,Severity added to revised Table 1 / Supplementary Table S1.,RESOLVED_PRESENTATION_FIX
A22,H5,-,fail_severity,FAIL (Critical).,NOT_STATED (canonical table has no severity column),NOT_IN_PACKAGE,NOT_ASSESSED,SEVERITY_NOT_IN_CANONICAL,PRESENTATION_OMISSION,Severity grading does not change PASS/FAIL/NA labels; it is restored in the revised branch-level Table 1 and Supplementary Table S1.,FROZEN_PROMPT,0,0,,Severity added to revised Table 1 / Supplementary Table S1.,RESOLVED_PRESENTATION_FIX
