case_id,gold_h5,frozen_policy_rejudgment
gold_0021,PASS,PASS
gold_0022,PASS,PASS
gold_0023,PASS,PASS
gold_0024,PASS,PASS
gold_0025,PASS,PASS
gold_0026,PASS,PASS
gold_0027,PASS,PASS
gold_0028,PASS,PASS
gold_0029,PASS,PASS
gold_0030,PASS,PASS
gold_0031,PASS,PASS
gold_0032,PASS,PASS
gold_0033,PASS,PASS
gold_0034,PASS,PASS
gold_0035,PASS,PASS
gold_0036,PASS,PASS
gold_0037,PASS,PASS
gold_0038,PASS,PASS
gold_0039,PASS,PASS
gold_0040,PASS,PASS
gold_0041,PASS,PASS
gold_0042,PASS,PASS
gold_0043,PASS,PASS
gold_0044,PASS,PASS
gold_0045,PASS,PASS
gold_0046,PASS,PASS
gold_0047,PASS,PASS
gold_0048,PASS,PASS
gold_0049,PASS,PASS
gold_0050,PASS,PASS
gold_0051,PASS,PASS
gold_0052,PASS,PASS
gold_0053,PASS,PASS
gold_0054,PASS,PASS
gold_0055,PASS,PASS
gold_0056,PASS,PASS
gold_0057,PASS,PASS
gold_0058,PASS,PASS
gold_0059,PASS,PASS
gold_0060,PASS,PASS
gold_0061,PASS,PASS
gold_0062,PASS,PASS
gold_0063,PASS,PASS
gold_0064,PASS,PASS
gold_0065,PASS,PASS
gold_0066,PASS,PASS
gold_0067,PASS,PASS
gold_0068,PASS,PASS
gold_0069,PASS,PASS
gold_0070,PASS,PASS
gold_0071,PASS,PASS
gold_0072,PASS,PASS
gold_0073,PASS,PASS
gold_0074,PASS,PASS
gold_0075,PASS,PASS
gold_0076,PASS,PASS
gold_0077,PASS,PASS
gold_0078,PASS,PASS
gold_0079,PASS,PASS
gold_0080,PASS,PASS
gold_0081,PASS,PASS
gold_0082,PASS,PASS
gold_0083,PASS,PASS
gold_0084,PASS,PASS
gold_0085,PASS,PASS
gold_0086,PASS,PASS
gold_0087,PASS,PASS
gold_0088,PASS,PASS
gold_0089,PASS,PASS
gold_0090,PASS,PASS
gold_0091,PASS,PASS
gold_0092,PASS,PASS
gold_0093,PASS,PASS
gold_0094,PASS,PASS
gold_0095,PASS,PASS
gold_0096,PASS,PASS
gold_0097,PASS,PASS
gold_0098,PASS,PASS
gold_0099,PASS,PASS
gold_0100,PASS,PASS
gold_0221,PASS,PASS
gold_0223,PASS,PASS
gold_0225,FAIL,FAIL
gold_0226,PASS,PASS
gold_0227,PASS,PASS
gold_0229,PASS,PASS
gold_0231,FAIL,FAIL
gold_0232,PASS,PASS
gold_0233,PASS,PASS
gold_0235,PASS,PASS
gold_0237,FAIL,FAIL
gold_0238,PASS,PASS
gold_0239,PASS,PASS
gold_0241,PASS,PASS
gold_0243,FAIL,FAIL
gold_0244,PASS,PASS
gold_0245,PASS,PASS
gold_0247,PASS,PASS
gold_0249,FAIL,FAIL
gold_0250,PASS,PASS
gold_0251,PASS,PASS
gold_0253,PASS,PASS
gold_0255,FAIL,FAIL
gold_0256,PASS,PASS
gold_0257,PASS,PASS
gold_0259,PASS,PASS
gold_0261,FAIL,FAIL
gold_0262,PASS,PASS
gold_0263,PASS,PASS
gold_0265,PASS,PASS
gold_0267,FAIL,FAIL
gold_0268,PASS,PASS
gold_0269,PASS,PASS
gold_0271,PASS,PASS
gold_0273,FAIL,FAIL
gold_0274,PASS,PASS
gold_0275,PASS,PASS
gold_0277,PASS,PASS
gold_0279,FAIL,FAIL
gold_0280,PASS,PASS
gold_0281,PASS,PASS
gold_0283,PASS,PASS
gold_0285,FAIL,FAIL
gold_0286,PASS,PASS
gold_0287,PASS,PASS
gold_0289,PASS,PASS
gold_0291,FAIL,FAIL
gold_0292,PASS,PASS
gold_0293,PASS,PASS
gold_0295,PASS,PASS
gold_0297,FAIL,FAIL
gold_0298,PASS,PASS
gold_0299,PASS,PASS
gold_0301,PASS,PASS
gold_0303,FAIL,FAIL
gold_0304,PASS,PASS
gold_0305,PASS,PASS
gold_0307,PASS,PASS
gold_0309,FAIL,FAIL
gold_0310,PASS,PASS
gold_0311,PASS,PASS
gold_0313,PASS,PASS
gold_0315,FAIL,FAIL
gold_0316,PASS,PASS
gold_0317,PASS,PASS
gold_0319,PASS,PASS
gold_0321,FAIL,FAIL
gold_0322,PASS,PASS
gold_0323,PASS,PASS
gold_0325,PASS,PASS
gold_0327,FAIL,FAIL
gold_0328,PASS,PASS
gold_0329,PASS,PASS
gold_0331,PASS,PASS
gold_0333,FAIL,FAIL
gold_0334,PASS,PASS
gold_0335,PASS,PASS
gold_0337,PASS,PASS
gold_0339,FAIL,FAIL
gold_0340,PASS,PASS
gold_0341,PASS,PASS
gold_0343,PASS,PASS
gold_0345,FAIL,FAIL
gold_0346,PASS,PASS
gold_0347,PASS,PASS
gold_0349,PASS,PASS
gold_0351,FAIL,FAIL
gold_0352,PASS,PASS
gold_0353,PASS,PASS
gold_0355,PASS,PASS
gold_0357,FAIL,FAIL
gold_0358,PASS,PASS
gold_0359,PASS,PASS
gold_0361,PASS,PASS
gold_0363,FAIL,FAIL
gold_0364,PASS,PASS
gold_0365,PASS,PASS
gold_0367,PASS,PASS
gold_0369,FAIL,FAIL
gold_0370,PASS,PASS
gold_0371,PASS,PASS
gold_0373,PASS,PASS
gold_0375,FAIL,FAIL
gold_0376,PASS,PASS
gold_0377,PASS,PASS
gold_0379,PASS,PASS
gold_0381,FAIL,FAIL
gold_0382,PASS,PASS
gold_0383,PASS,PASS
gold_0385,PASS,PASS
gold_0387,FAIL,FAIL
gold_0388,PASS,PASS
gold_0389,PASS,PASS
gold_0391,PASS,PASS
gold_0393,FAIL,FAIL
gold_0394,PASS,PASS
gold_0395,PASS,PASS
gold_0397,PASS,PASS
gold_0399,FAIL,FAIL
gold_0400,PASS,PASS
gold_0401,PASS,PASS
gold_0403,PASS,PASS
gold_0405,FAIL,FAIL
gold_0406,PASS,PASS
gold_0407,PASS,PASS
gold_0409,PASS,PASS
gold_0411,FAIL,FAIL
gold_0412,PASS,PASS
gold_0413,PASS,PASS
gold_0415,PASS,PASS
gold_0417,FAIL,FAIL
gold_0418,PASS,PASS
gold_0419,PASS,PASS
gold_0421,PASS,PASS
gold_0423,FAIL,FAIL
gold_0424,PASS,PASS
gold_0425,PASS,PASS
gold_0427,PASS,PASS
gold_0429,FAIL,FAIL
gold_0430,PASS,PASS
gold_0431,PASS,PASS
gold_0433,PASS,PASS
gold_0435,FAIL,FAIL
gold_0436,PASS,PASS
gold_0437,PASS,PASS
gold_0439,PASS,PASS
gold_0441,FAIL,FAIL
gold_0442,PASS,PASS
gold_0443,PASS,PASS
gold_0445,PASS,PASS
gold_0447,FAIL,FAIL
gold_0448,PASS,PASS
gold_0449,PASS,PASS
gold_0451,PASS,PASS
gold_0453,FAIL,FAIL
gold_0454,PASS,PASS
gold_0455,PASS,PASS
gold_0457,PASS,PASS
gold_0459,FAIL,FAIL
gold_0460,PASS,PASS
gold_0461,PASS,PASS
gold_0463,PASS,PASS
gold_0465,FAIL,FAIL
gold_0466,PASS,PASS
gold_0467,PASS,PASS
gold_0469,PASS,PASS
gold_0471,FAIL,FAIL
gold_0472,PASS,PASS
gold_0473,PASS,PASS
gold_0475,PASS,PASS
gold_0477,FAIL,FAIL
gold_0478,PASS,PASS
gold_0479,PASS,PASS
gold_0481,PASS,PASS
gold_0483,FAIL,FAIL
gold_0484,PASS,PASS
gold_0485,PASS,PASS
gold_0487,PASS,PASS
gold_0489,FAIL,FAIL
gold_0490,PASS,PASS
gold_0491,PASS,PASS
gold_0493,PASS,PASS
gold_0495,FAIL,FAIL
gold_0496,PASS,PASS
gold_0497,PASS,PASS
gold_0499,PASS,PASS
gold_0501,FAIL,FAIL
gold_0502,PASS,PASS
gold_0503,PASS,PASS
gold_0505,PASS,PASS
gold_0507,FAIL,FAIL
gold_0508,PASS,PASS
gold_0509,PASS,PASS
gold_0511,PASS,PASS
gold_0513,FAIL,FAIL
gold_0514,PASS,PASS
gold_0515,PASS,PASS
gold_0517,PASS,PASS
gold_0519,FAIL,FAIL
gold_0520,PASS,PASS
gold_0521,PASS,PASS
gold_0523,PASS,PASS
gold_0525,FAIL,FAIL
gold_0526,PASS,PASS
gold_0527,PASS,PASS
gold_0529,PASS,PASS
gold_0531,FAIL,FAIL
gold_0532,PASS,PASS
gold_0533,PASS,PASS
gold_0535,PASS,PASS
gold_0537,FAIL,FAIL
gold_0538,PASS,PASS
gold_0539,PASS,PASS
gold_0541,PASS,PASS
gold_0543,FAIL,FAIL
gold_0544,PASS,PASS
gold_0545,PASS,PASS
gold_0547,PASS,PASS
gold_0549,FAIL,FAIL
gold_0550,PASS,PASS
gold_0551,PASS,PASS
gold_0553,PASS,PASS
gold_0555,FAIL,FAIL
gold_0556,PASS,PASS
gold_0557,PASS,PASS
gold_0559,PASS,PASS
gold_0561,FAIL,FAIL
gold_0562,PASS,PASS
gold_0563,PASS,PASS
gold_0565,PASS,PASS
gold_0567,FAIL,FAIL
gold_0568,PASS,PASS
gold_0569,PASS,PASS
gold_0571,PASS,PASS
gold_0573,FAIL,FAIL
gold_0574,PASS,PASS
gold_0575,PASS,PASS
gold_0577,PASS,PASS
gold_0579,FAIL,FAIL
gold_0580,PASS,PASS
gold_0581,PASS,PASS
gold_0583,PASS,PASS
gold_0585,FAIL,FAIL
gold_0586,PASS,PASS
gold_0587,PASS,PASS
gold_0589,PASS,PASS
gold_0591,FAIL,FAIL
gold_0592,PASS,PASS
gold_0593,PASS,PASS
gold_0595,PASS,PASS
gold_0597,FAIL,FAIL
gold_0598,PASS,PASS
gold_0599,PASS,PASS
gold_0601,PASS,PASS
gold_0603,FAIL,FAIL
gold_0604,PASS,PASS
gold_0605,PASS,PASS
gold_0607,PASS,PASS
gold_0609,FAIL,FAIL
gold_0610,PASS,PASS
gold_0611,PASS,PASS
gold_0613,PASS,PASS
gold_0615,FAIL,FAIL
gold_0616,PASS,PASS
gold_0617,PASS,PASS
gold_0619,PASS,PASS
gold_0621,FAIL,FAIL
gold_0622,PASS,PASS
gold_0623,PASS,PASS
gold_0625,PASS,PASS
gold_0627,FAIL,FAIL
gold_0628,PASS,PASS
gold_0629,PASS,PASS
gold_0631,PASS,PASS
gold_0633,FAIL,FAIL
gold_0634,PASS,PASS
gold_0635,PASS,PASS
gold_0637,PASS,PASS
gold_0639,FAIL,FAIL
gold_0640,PASS,PASS
gold_0641,PASS,PASS
gold_0643,PASS,PASS
gold_0645,FAIL,FAIL
gold_0646,PASS,PASS
gold_0647,PASS,PASS
gold_0649,PASS,PASS
gold_0651,FAIL,FAIL
gold_0652,PASS,PASS
gold_0653,PASS,PASS
gold_0655,PASS,PASS
gold_0657,FAIL,FAIL
gold_0658,PASS,PASS
gold_0659,PASS,PASS
gold_0661,PASS,PASS
gold_0663,FAIL,FAIL
gold_0664,PASS,PASS
gold_0665,PASS,PASS
gold_0667,PASS,PASS
gold_0669,FAIL,FAIL
gold_0670,PASS,PASS
gold_0671,PASS,PASS
gold_0673,PASS,PASS
gold_0675,FAIL,FAIL
gold_0676,PASS,PASS
gold_0677,PASS,PASS
gold_0679,PASS,PASS
gold_0681,FAIL,FAIL
gold_0682,PASS,PASS
gold_0683,PASS,PASS
gold_0685,PASS,PASS
gold_0687,FAIL,FAIL
gold_0688,PASS,PASS
gold_0689,PASS,PASS
gold_0691,PASS,PASS
gold_0693,FAIL,FAIL
gold_0694,PASS,PASS
gold_0695,PASS,PASS
gold_0697,PASS,PASS
gold_0699,FAIL,FAIL
gold_0700,PASS,PASS
