case_id,gold_h4,frozen_policy_rejudgment
gold_0224,FAIL,FAIL
gold_0230,FAIL,FAIL
gold_0236,FAIL,FAIL
gold_0242,FAIL,FAIL
gold_0248,FAIL,FAIL
gold_0254,FAIL,FAIL
gold_0260,FAIL,FAIL
gold_0266,FAIL,FAIL
gold_0272,FAIL,FAIL
gold_0278,FAIL,FAIL
gold_0284,FAIL,FAIL
gold_0290,FAIL,FAIL
gold_0296,FAIL,FAIL
gold_0302,FAIL,FAIL
gold_0308,FAIL,FAIL
gold_0314,FAIL,FAIL
gold_0320,FAIL,FAIL
gold_0326,FAIL,FAIL
gold_0332,FAIL,FAIL
gold_0338,FAIL,FAIL
gold_0344,FAIL,FAIL
gold_0350,FAIL,FAIL
gold_0356,FAIL,FAIL
gold_0362,FAIL,FAIL
gold_0368,FAIL,FAIL
gold_0374,FAIL,FAIL
gold_0380,FAIL,FAIL
gold_0386,FAIL,FAIL
gold_0392,FAIL,FAIL
gold_0398,FAIL,FAIL
gold_0404,FAIL,FAIL
gold_0410,FAIL,FAIL
gold_0416,FAIL,FAIL
gold_0422,FAIL,FAIL
gold_0428,FAIL,FAIL
gold_0434,FAIL,FAIL
gold_0440,FAIL,FAIL
gold_0446,FAIL,FAIL
gold_0452,FAIL,FAIL
gold_0458,FAIL,FAIL
gold_0464,FAIL,FAIL
gold_0470,FAIL,FAIL
gold_0476,FAIL,FAIL
gold_0482,FAIL,FAIL
gold_0488,FAIL,FAIL
gold_0494,FAIL,FAIL
gold_0500,FAIL,FAIL
gold_0506,FAIL,FAIL
gold_0512,FAIL,FAIL
gold_0518,FAIL,FAIL
gold_0524,FAIL,FAIL
gold_0530,FAIL,FAIL
gold_0536,FAIL,FAIL
gold_0542,FAIL,FAIL
gold_0548,FAIL,FAIL
gold_0554,FAIL,FAIL
gold_0560,FAIL,FAIL
gold_0566,FAIL,FAIL
gold_0572,FAIL,FAIL
gold_0578,FAIL,FAIL
gold_0584,FAIL,FAIL
gold_0590,FAIL,FAIL
gold_0596,FAIL,FAIL
gold_0602,FAIL,FAIL
gold_0608,FAIL,FAIL
gold_0614,FAIL,FAIL
gold_0620,FAIL,FAIL
gold_0626,FAIL,FAIL
gold_0632,FAIL,FAIL
gold_0638,FAIL,FAIL
gold_0644,FAIL,FAIL
gold_0650,FAIL,FAIL
gold_0656,FAIL,FAIL
gold_0662,FAIL,FAIL
gold_0668,FAIL,FAIL
gold_0674,FAIL,FAIL
gold_0680,FAIL,FAIL
gold_0686,FAIL,FAIL
gold_0692,FAIL,FAIL
gold_0698,FAIL,FAIL
